range,class,M,n,success_rate,mean_steps,mean_euclid_steps
y<1e3,prime,1,20000,1.0000,5.6754,5.3175
y<1e3,prime,2,20000,1.0000,5.6754,5.3175
y<1e3,prime,4,20000,1.0000,5.6754,5.3175
y<1e3,prime,8,20000,1.0000,5.6754,5.3175
y<1e3,prime,16,20000,1.0000,5.6754,5.3175
y<1e3,prime,32,20000,1.0000,5.6754,5.3175
y<1e3,even,1,20000,0.0605,1.7002,5.4601
y<1e3,even,2,20000,0.2462,3.4862,5.4601
y<1e3,even,4,20000,0.5762,4.0529,5.4601
y<1e3,even,8,20000,0.8273,4.1295,5.4601
y<1e3,even,16,20000,0.9354,4.0870,5.4601
y<1e3,even,32,20000,0.9775,4.0494,5.4601
y<1e3,odd-composite,1,20000,0.4788,5.1555,5.5454
y<1e3,odd-composite,2,20000,0.6855,5.3907,5.5454
y<1e3,odd-composite,4,20000,0.8651,5.4120,5.5454
y<1e3,odd-composite,8,20000,0.9565,5.3776,5.5454
y<1e3,odd-composite,16,20000,0.9866,5.3512,5.5454
y<1e3,odd-composite,32,20000,0.9960,5.3358,5.5454
y<1e3,mixed,1,20000,0.4874,5.2434,5.4577
y<1e3,mixed,2,20000,0.6304,5.2115,5.4577
y<1e3,mixed,4,20000,0.8105,5.1454,5.4577
y<1e3,mixed,8,20000,0.9261,5.0674,5.4577
y<1e3,mixed,16,20000,0.9732,5.0117,5.4577
y<1e3,mixed,32,20000,0.9915,4.9778,5.4577
y<1e4,prime,1,20000,1.0000,8.0601,7.2721
y<1e4,prime,2,20000,1.0000,8.0601,7.2721
y<1e4,prime,4,20000,1.0000,8.0601,7.2721
y<1e4,prime,8,20000,1.0000,8.0601,7.2721
y<1e4,prime,16,20000,1.0000,8.0601,7.2721
y<1e4,prime,32,20000,1.0000,8.0601,7.2721
y<1e4,even,1,20000,0.0195,2.7487,7.3797
y<1e4,even,2,20000,0.1269,5.1686,7.3797
y<1e4,even,4,20000,0.4172,5.8789,7.3797
y<1e4,even,8,20000,0.7152,5.9548,7.3797
y<1e4,even,16,20000,0.8735,5.8769,7.3797
y<1e4,even,32,20000,0.9443,5.8084,7.3797
y<1e4,odd-composite,1,20000,0.4284,7.5108,7.4242
y<1e4,odd-composite,2,20000,0.6065,7.6325,7.4242
y<1e4,odd-composite,4,20000,0.8027,7.6231,7.4242
y<1e4,odd-composite,8,20000,0.9135,7.5444,7.4242
y<1e4,odd-composite,16,20000,0.9656,7.4829,7.4242
y<1e4,odd-composite,32,20000,0.9872,7.4390,7.4242
y<1e4,mixed,1,20000,0.4026,7.7098,7.3816
y<1e4,mixed,2,20000,0.5228,7.6183,7.3816
y<1e4,mixed,4,20000,0.7085,7.3914,7.3816
y<1e4,mixed,8,20000,0.8620,7.2054,7.3816
y<1e4,mixed,16,20000,0.9387,7.0813,7.3816
y<1e4,mixed,32,20000,0.9740,7.0105,7.3816
y<1e5,prime,1,20000,1.0000,10.3342,9.2508
y<1e5,prime,2,20000,1.0000,10.3342,9.2508
y<1e5,prime,4,20000,1.0000,10.3342,9.2508
y<1e5,prime,8,20000,1.0000,10.3342,9.2508
y<1e5,prime,16,20000,1.0000,10.3342,9.2508
y<1e5,prime,32,20000,1.0000,10.3342,9.2508
y<1e5,even,1,20000,0.0053,3.7238,9.3371
y<1e5,even,2,20000,0.0662,6.8421,9.3371
y<1e5,even,4,20000,0.3055,7.6588,9.3371
y<1e5,even,8,20000,0.6258,7.7188,9.3371
y<1e5,even,16,20000,0.8234,7.6057,9.3371
y<1e5,even,32,20000,0.9224,7.4928,9.3371
y<1e5,odd-composite,1,20000,0.3911,9.9643,9.3392
y<1e5,odd-composite,2,20000,0.5523,10.0267,9.3392
y<1e5,odd-composite,4,20000,0.7438,9.9000,9.3392
y<1e5,odd-composite,8,20000,0.8782,9.7508,9.3392
y<1e5,odd-composite,16,20000,0.9443,9.6466,9.3392
y<1e5,odd-composite,32,20000,0.9752,9.5866,9.3392
y<1e5,mixed,1,20000,0.3583,10.1123,9.3209
y<1e5,mixed,2,20000,0.4598,9.9864,9.3209
y<1e5,mixed,4,20000,0.6393,9.6477,9.3209
y<1e5,mixed,8,20000,0.8084,9.3829,9.3209
y<1e5,mixed,16,20000,0.9127,9.1789,9.3209
y<1e5,mixed,32,20000,0.9595,9.0626,9.3209
y<1e6,prime,1,20000,1.0000,12.7617,11.1418
y<1e6,prime,2,20000,1.0000,12.7617,11.1418
y<1e6,prime,4,20000,1.0000,12.7617,11.1418
y<1e6,prime,8,20000,1.0000,12.7617,11.1418
y<1e6,prime,16,20000,1.0000,12.7617,11.1418
y<1e6,prime,32,20000,1.0000,12.7617,11.1418
y<1e6,even,1,20000,0.0018,5.5714,11.2492
y<1e6,even,2,20000,0.0343,8.5212,11.2492
y<1e6,even,4,20000,0.2194,9.5134,11.2492
y<1e6,even,8,20000,0.5371,9.5734,11.2492
y<1e6,even,16,20000,0.7675,9.4117,11.2492
y<1e6,even,32,20000,0.8865,9.2602,11.2492
y<1e6,odd-composite,1,20000,0.3718,12.2993,11.2714
y<1e6,odd-composite,2,20000,0.5107,12.3220,11.2714
y<1e6,odd-composite,4,20000,0.6935,12.1671,11.2714
y<1e6,odd-composite,8,20000,0.8408,11.9667,11.2714
y<1e6,odd-composite,16,20000,0.9243,11.8019,11.2714
y<1e6,odd-composite,32,20000,0.9659,11.7058,11.2714
y<1e6,mixed,1,20000,0.3252,12.4139,11.2231
y<1e6,mixed,2,20000,0.4096,12.2464,11.2231
y<1e6,mixed,4,20000,0.5743,11.8414,11.2231
y<1e6,mixed,8,20000,0.7580,11.4548,11.2231
y<1e6,mixed,16,20000,0.8832,11.1523,11.2231
y<1e6,mixed,32,20000,0.9434,10.9913,11.2231
y<1e7,prime,1,20000,1.0000,15.0148,13.1517
y<1e7,prime,2,20000,1.0000,15.0148,13.1517
y<1e7,prime,4,20000,1.0000,15.0148,13.1517
y<1e7,prime,8,20000,1.0000,15.0148,13.1517
y<1e7,prime,16,20000,1.0000,15.0148,13.1517
y<1e7,prime,32,20000,1.0000,15.0148,13.1517
y<1e7,even,1,20000,0.0007,6.4286,13.2031
y<1e7,even,2,20000,0.0187,10.2513,13.2031
y<1e7,even,4,20000,0.1580,11.3528,13.2031
y<1e7,even,8,20000,0.4561,11.3803,13.2031
y<1e7,even,16,20000,0.7105,11.1879,13.2031
y<1e7,even,32,20000,0.8602,10.9858,13.2031
y<1e7,odd-composite,1,20000,0.3583,14.6590,13.2463
y<1e7,odd-composite,2,20000,0.4848,14.5920,13.2463
y<1e7,odd-composite,4,20000,0.6568,14.3889,13.2463
y<1e7,odd-composite,8,20000,0.8160,14.1309,13.2463
y<1e7,odd-composite,16,20000,0.9078,13.9167,13.2463
y<1e7,odd-composite,32,20000,0.9556,13.7887,13.2463
y<1e7,mixed,1,20000,0.3080,14.7260,13.2119
y<1e7,mixed,2,20000,0.3822,14.6318,13.2119
y<1e7,mixed,4,20000,0.5321,14.1606,13.2119
y<1e7,mixed,8,20000,0.7201,13.6384,13.2119
y<1e7,mixed,16,20000,0.8531,13.2623,13.2119
y<1e7,mixed,32,20000,0.9294,13.0464,13.2119
y<1e8,prime,1,20000,1.0000,17.3316,15.0843
y<1e8,prime,2,20000,1.0000,17.3316,15.0843
y<1e8,prime,4,20000,1.0000,17.3316,15.0843
y<1e8,prime,8,20000,1.0000,17.3316,15.0843
y<1e8,prime,16,20000,1.0000,17.3316,15.0843
y<1e8,prime,32,20000,1.0000,17.3316,15.0843
y<1e8,even,1,20000,0.0001,11.0000,15.1649
y<1e8,even,2,20000,0.0100,11.8900,15.1649
y<1e8,even,4,20000,0.1174,13.1937,15.1649
y<1e8,even,8,20000,0.4083,13.1832,15.1649
y<1e8,even,16,20000,0.6748,12.9383,15.1649
y<1e8,even,32,20000,0.8318,12.7253,15.1649
y<1e8,odd-composite,1,20000,0.3441,17.0762,15.1378
y<1e8,odd-composite,2,20000,0.4581,17.0311,15.1378
y<1e8,odd-composite,4,20000,0.6247,16.7694,15.1378
y<1e8,odd-composite,8,20000,0.7842,16.4462,15.1378
y<1e8,odd-composite,16,20000,0.8900,16.1890,15.1378
y<1e8,odd-composite,32,20000,0.9448,16.0339,15.1378
y<1e8,mixed,1,20000,0.2967,16.9860,15.1773
y<1e8,mixed,2,20000,0.3642,16.8726,15.1773
y<1e8,mixed,4,20000,0.4953,16.4403,15.1773
y<1e8,mixed,8,20000,0.6811,15.8340,15.1773
y<1e8,mixed,16,20000,0.8295,15.3745,15.1773
y<1e8,mixed,32,20000,0.9132,15.1098,15.1773
y<1e9,prime,1,20000,1.0000,19.6471,17.0363
y<1e9,prime,2,20000,1.0000,19.6471,17.0363
y<1e9,prime,4,20000,1.0000,19.6471,17.0363
y<1e9,prime,8,20000,1.0000,19.6471,17.0363
y<1e9,prime,16,20000,1.0000,19.6471,17.0363
y<1e9,prime,32,20000,1.0000,19.6471,17.0363
y<1e9,even,1,20000,0.0000,,17.0477
y<1e9,even,2,20000,0.0041,14.1951,17.0477
y<1e9,even,4,20000,0.0839,15.1502,17.0477
y<1e9,even,8,20000,0.3438,15.0451,17.0477
y<1e9,even,16,20000,0.6209,14.7319,17.0477
y<1e9,even,32,20000,0.8013,14.4712,17.0477
y<1e9,odd-composite,1,20000,0.3404,19.3390,17.1081
y<1e9,odd-composite,2,20000,0.4430,19.3259,17.1081
y<1e9,odd-composite,4,20000,0.6014,18.9865,17.1081
y<1e9,odd-composite,8,20000,0.7660,18.6043,17.1081
y<1e9,odd-composite,16,20000,0.8804,18.3007,17.1081
y<1e9,odd-composite,32,20000,0.9388,18.1180,17.1081
y<1e9,mixed,1,20000,0.2829,19.4715,17.0884
y<1e9,mixed,2,20000,0.3451,19.3524,17.0884
y<1e9,mixed,4,20000,0.4661,18.8605,17.0884
y<1e9,mixed,8,20000,0.6491,18.1014,17.0884
y<1e9,mixed,16,20000,0.8040,17.5440,17.0884
y<1e9,mixed,32,20000,0.9007,17.1963,17.0884
64-bit,prime,1,20000,1.0000,44.2585,37.5455
64-bit,prime,2,20000,1.0000,44.2585,37.5455
64-bit,prime,4,20000,1.0000,44.2585,37.5455
64-bit,prime,8,20000,1.0000,44.2585,37.5455
64-bit,prime,16,20000,1.0000,44.2585,37.5455
64-bit,prime,32,20000,1.0000,44.2585,37.5455
64-bit,even,1,20000,0.0000,,37.5014
64-bit,even,2,20000,0.0001,19.0000,37.5014
64-bit,even,4,20000,0.0039,35.9740,37.5014
64-bit,even,8,20000,0.0814,34.4896,37.5014
64-bit,even,16,20000,0.3130,33.5548,37.5014
64-bit,even,32,20000,0.5797,32.9145,37.5014
64-bit,odd-composite,1,20000,0.2972,44.0698,37.4958
64-bit,odd-composite,2,20000,0.3595,44.0182,37.4958
64-bit,odd-composite,4,20000,0.4571,43.5592,37.4958
64-bit,odd-composite,8,20000,0.5942,42.7431,37.4958
64-bit,odd-composite,16,20000,0.7418,41.7667,37.4958
64-bit,odd-composite,32,20000,0.8537,41.0923,37.4958
64-bit,mixed,1,20000,0.2203,43.9982,37.4907
64-bit,mixed,2,20000,0.2616,43.9547,37.4907
64-bit,mixed,4,20000,0.3201,43.5358,37.4907
64-bit,mixed,8,20000,0.4369,42.2098,37.4907
64-bit,mixed,16,20000,0.6092,40.4415,37.4907
64-bit,mixed,32,20000,0.7678,39.1351,37.4907
128-bit,prime,1,20000,1.0000,88.6880,74.8810
128-bit,prime,2,20000,1.0000,88.6880,74.8810
128-bit,prime,4,20000,1.0000,88.6880,74.8810
128-bit,prime,8,20000,1.0000,88.6880,74.8810
128-bit,prime,16,20000,1.0000,88.6880,74.8810
128-bit,prime,32,20000,1.0000,88.6880,74.8810
128-bit,even,1,20000,0.0000,,74.9262
128-bit,even,2,20000,0.0000,,74.9262
128-bit,even,4,20000,0.0000,,74.9262
128-bit,even,8,20000,0.0076,68.1242,74.9262
128-bit,even,16,20000,0.0931,67.2777,74.9262
128-bit,even,32,20000,0.3137,66.1882,74.9262
128-bit,odd-composite,1,20000,0.2686,88.4814,74.8837
128-bit,odd-composite,2,20000,0.3125,88.4506,74.8837
128-bit,odd-composite,4,20000,0.3741,88.1594,74.8837
128-bit,odd-composite,8,20000,0.4667,87.1665,74.8837
128-bit,odd-composite,16,20000,0.6028,85.3227,74.8837
128-bit,odd-composite,32,20000,0.7454,83.4755,74.8837
128-bit,mixed,1,20000,0.1910,88.4759,74.9323
128-bit,mixed,2,20000,0.2200,88.3910,74.9323
128-bit,mixed,4,20000,0.2614,88.2062,74.9323
128-bit,mixed,8,20000,0.3257,87.1165,74.9323
128-bit,mixed,16,20000,0.4425,84.1154,74.9323
128-bit,mixed,32,20000,0.6099,80.5717,74.9323
