family,k,y,x,W_at_x,W_full,W_over_log2y
2r+1-midpoint,8,257,128,7,,0.8750
2r+1-midpoint,9,521,260,9,,1.0000
2r+1-midpoint,10,1031,515,10,,1.0000
2r+1-midpoint,11,2053,1026,14,,1.2727
2r+1-midpoint,12,4099,2049,15,,1.2500
2r+1-midpoint,13,8209,4104,12,,0.9231
2r+1-midpoint,14,16411,8205,12,,0.8571
2r+1-midpoint,15,32771,16385,20,,1.3333
2r+1-midpoint,16,65537,32768,15,,0.9375
2r+1-midpoint,17,131101,65550,25,,1.4706
2r+1-midpoint,18,262147,131073,22,,1.2222
2r+1-midpoint,19,524309,262154,29,,1.5263
2r+1-midpoint,20,1048583,524291,31,,1.5500
2r+1-midpoint,21,2097169,1048584,23,,1.0952
2r+1-midpoint,22,4194319,2097159,39,,1.7727
3r+1-floor-y/3,8,257,85,4,,0.5000
3r+1-floor-y/3,9,521,173,5,,0.5556
3r+1-floor-y/3,10,1031,343,8,,0.8000
3r+1-floor-y/3,11,2053,684,8,,0.7273
3r+1-floor-y/3,12,4099,1366,6,,0.5000
3r+1-floor-y/3,13,8209,2736,9,,0.6923
3r+1-floor-y/3,14,16411,5470,10,,0.7143
3r+1-floor-y/3,15,32771,10923,7,,0.4667
3r+1-floor-y/3,16,65537,21845,8,,0.5000
3r+1-floor-y/3,17,131101,43700,13,,0.7647
3r+1-floor-y/3,18,262147,87382,9,,0.5000
3r+1-floor-y/3,19,524309,174769,11,,0.5789
3r+1-floor-y/3,20,1048583,349527,12,,0.6000
lcm1n-plus1,5,61,27,6,7,1.1803
lcm1n-plus1,8,421,196,11,16,1.8354
lcm1n-plus1,9,853,379,9,15,1.5406
lcm1n-plus1,11,2521,1176,18,20,1.7699
lcm1n-plus1,11,2521,1176,18,20,1.7699
lcm1n-plus1,14,27733,12325,17,22,1.4906
lcm1n-plus1,14,27733,12325,17,22,1.4906
lcm1n-plus1,18,360391,119187,21,28,1.5169
lcm1n-plus1,18,360391,119187,21,28,1.5169
lcm1n-plus1,18,360391,119187,21,28,1.5169
lcm1n-plus1,19,720743,360371,26,,
lcm1n-plus1,23,12252259,6126129,32,,
lcm1n-plus1,23,12252259,6126129,32,,
lcm1n-plus1,27,232792561,116396280,44,,
lcm1n-plus1,27,232792561,116396280,44,,
primorial-plus1,4,31,10,4,4,0.8074
primorial-plus1,7,211,87,10,10,1.2952
primorial-plus1,11,2311,1023,12,14,1.2529
primorial-plus1,14,30047,14838,18,21,1.4118
primorial-plus1,18,510529,255264,30,,
primorial-plus1,23,9699713,4849856,28,,
