k,y,mean,worst,worst_x,worst_over_log2y,euclid_worst
10,1031,5.3553,11,450,1.0989,12
11,2053,7.0507,15,967,1.3632,13
12,4099,6.7960,17,2010,1.4165,14
13,8209,8.5465,19,4092,1.4612,15
14,16411,7.9889,19,8089,1.3569,16
15,32771,9.7285,22,16361,1.4667,19
16,65537,9.4139,23,32720,1.4375,19
17,131101,12.7393,31,65539,1.8235,20
18,262147,12.8364,28,125974,1.5556,21
19,524309,11.9482,29,261507,1.5263,22
20,1048583,13.8608,35,344040,1.7500,24
21,2097169,14.4092,33,987730,1.5714,25
22,4194319,13.5989,39,2097159,1.7727,26
